cnn-based feature extraction,data augmentation techniques,distributed training framework,graph neural network modeling,matrix factorization,multilingual embeddings,policy gradient optimization,simulation-based training,spatio-temporal learning,transfer learning approach
0,0,1,0,1,0,0,0,0,0
1,1,0,0,0,0,0,0,0,0
0,0,0,0,0,1,0,0,0,1
0,0,1,0,1,0,0,0,0,0
0,0,0,1,0,0,0,0,1,0
0,0,0,0,0,0,1,1,0,0
1,1,0,0,0,0,0,0,0,0
0,0,1,0,1,0,0,0,0,0
0,0,0,0,0,1,0,0,0,1
0,0,0,0,0,0,1,1,0,0
0,0,0,0,0,0,1,1,0,0
0,0,0,0,0,0,1,1,0,0
0,0,0,0,0,1,0,0,0,1
0,0,0,0,0,1,0,0,0,1
0,0,1,0,1,0,0,0,0,0
0,0,0,0,0,1,0,0,0,1
0,0,0,1,0,0,0,0,1,0
0,0,1,0,1,0,0,0,0,0
0,0,0,0,0,0,1,1,0,0
0,0,0,0,0,1,0,0,0,1
1,1,0,0,0,0,0,0,0,0
1,1,0,0,0,0,0,0,0,0
1,1,0,0,0,0,0,0,0,0
0,0,1,0,1,0,0,0,0,0
0,0,0,1,0,0,0,0,1,0
1,1,0,0,0,0,0,0,0,0
0,0,0,0,0,1,0,0,0,1
0,0,1,0,1,0,0,0,0,0
0,0,0,1,0,0,0,0,1,0
0,0,1,0,1,0,0,0,0,0
0,0,0,0,0,0,1,1,0,0
0,0,0,0,0,1,0,0,0,1
0,0,1,0,1,0,0,0,0,0
0,0,0,1,0,0,0,0,1,0
1,1,0,0,0,0,0,0,0,0
1,1,0,0,0,0,0,0,0,0
1,1,0,0,0,0,0,0,0,0
0,0,0,0,0,0,1,1,0,0
0,0,1,0,1,0,0,0,0,0
0,0,0,1,0,0,0,0,1,0
0,0,0,0,0,0,1,1,0,0
0,0,0,0,0,0,1,1,0,0
0,0,0,0,0,0,1,1,0,0
0,0,0,0,0,1,0,0,0,1
0,0,0,1,0,0,0,0,1,0
0,0,0,0,0,0,1,1,0,0
0,0,0,1,0,0,0,0,1,0
0,0,0,0,0,1,0,0,0,1
1,1,0,0,0,0,0,0,0,0
0,0,0,1,0,0,0,0,1,0
1,1,0,0,0,0,0,0,0,0
0,0,0,0,0,0,1,1,0,0
0,0,0,1,0,0,0,0,1,0
0,0,1,0,1,0,0,0,0,0
0,0,0,1,0,0,0,0,1,0
0,0,0,1,0,0,0,0,1,0
0,0,0,1,0,0,0,0,1,0
1,1,0,0,0,0,0,0,0,0
1,1,0,0,0,0,0,0,0,0
0,0,1,0,1,0,0,0,0,0
1,1,0,0,0,0,0,0,0,0
0,0,1,0,1,0,0,0,0,0
0,0,1,0,1,0,0,0,0,0
0,0,0,0,0,0,1,1,0,0
0,0,0,0,0,1,0,0,0,1
0,0,1,0,1,0,0,0,0,0
0,0,0,0,0,0,1,1,0,0
0,0,0,0,0,0,1,1,0,0
0,0,0,0,0,0,1,1,0,0
0,0,0,0,0,1,0,0,0,1
0,0,0,0,0,1,0,0,0,1
0,0,0,0,0,0,1,1,0,0
0,0,1,0,1,0,0,0,0,0
0,0,0,0,0,1,0,0,0,1
0,0,0,0,0,0,1,1,0,0
0,0,0,0,0,1,0,0,0,1
0,0,0,1,0,0,0,0,1,0
0,0,1,0,1,0,0,0,0,0
0,0,0,0,0,0,1,1,0,0
1,1,0,0,0,0,0,0,0,0
0,0,0,0,0,0,1,1,0,0
1,1,0,0,0,0,0,0,0,0
0,0,0,1,0,0,0,0,1,0
1,1,0,0,0,0,0,0,0,0
0,0,0,1,0,0,0,0,1,0
0,0,0,0,0,1,0,0,0,1
1,1,0,0,0,0,0,0,0,0
0,0,0,1,0,0,0,0,1,0
0,0,1,0,1,0,0,0,0,0
0,0,0,0,0,0,1,1,0,0
0,0,0,0,0,0,1,1,0,0
1,1,0,0,0,0,0,0,0,0
0,0,0,0,0,0,1,1,0,0
0,0,0,0,0,0,1,1,0,0
0,0,0,1,0,0,0,0,1,0
0,0,1,0,1,0,0,0,0,0
1,1,0,0,0,0,0,0,0,0
0,0,0,0,0,1,0,0,0,1
1,1,0,0,0,0,0,0,0,0
0,0,0,1,0,0,0,0,1,0
0,0,0,0,0,1,0,0,0,1
0,0,1,0,1,0,0,0,0,0
0,0,0,0,0,0,1,1,0,0
0,0,0,0,0,1,0,0,0,1
0,0,0,0,0,0,1,1,0,0
0,0,0,0,0,0,1,1,0,0
0,0,0,0,0,1,0,0,0,1
0,0,0,0,0,0,1,1,0,0
0,0,0,0,0,0,1,1,0,0
0,0,0,0,0,0,1,1,0,0
0,0,0,1,0,0,0,0,1,0
0,0,0,1,0,0,0,0,1,0
0,0,0,0,0,1,0,0,0,1
0,0,0,0,0,1,0,0,0,1
0,0,0,0,0,1,0,0,0,1
0,0,1,0,1,0,0,0,0,0
1,1,0,0,0,0,0,0,0,0
0,0,1,0,1,0,0,0,0,0
0,0,0,1,0,0,0,0,1,0
0,0,0,1,0,0,0,0,1,0
0,0,0,0,0,1,0,0,0,1
0,0,0,1,0,0,0,0,1,0
1,1,0,0,0,0,0,0,0,0
0,0,0,0,0,1,0,0,0,1
0,0,0,1,0,0,0,0,1,0
1,1,0,0,0,0,0,0,0,0
0,0,0,0,0,1,0,0,0,1
0,0,1,0,1,0,0,0,0,0
0,0,1,0,1,0,0,0,0,0
1,1,0,0,0,0,0,0,0,0
0,0,0,0,0,1,0,0,0,1
0,0,0,0,0,1,0,0,0,1
0,0,0,1,0,0,0,0,1,0
0,0,1,0,1,0,0,0,0,0
0,0,0,0,0,0,1,1,0,0
0,0,1,0,1,0,0,0,0,0
0,0,1,0,1,0,0,0,0,0
1,1,0,0,0,0,0,0,0,0
0,0,0,1,0,0,0,0,1,0
0,0,1,0,1,0,0,0,0,0
0,0,0,1,0,0,0,0,1,0
0,0,0,1,0,0,0,0,1,0
0,0,1,0,1,0,0,0,0,0
0,0,0,0,0,1,0,0,0,1
0,0,0,1,0,0,0,0,1,0
0,0,0,0,0,0,1,1,0,0
0,0,0,0,0,1,0,0,0,1
0,0,1,0,1,0,0,0,0,0
0,0,1,0,1,0,0,0,0,0
0,0,0,1,0,0,0,0,1,0
1,1,0,0,0,0,0,0,0,0
0,0,0,1,0,0,0,0,1,0
0,0,0,0,0,1,0,0,0,1
0,0,0,0,0,1,0,0,0,1
1,1,0,0,0,0,0,0,0,0
0,0,0,1,0,0,0,0,1,0
0,0,1,0,1,0,0,0,0,0
0,0,0,0,0,0,1,1,0,0
0,0,0,0,0,0,1,1,0,0
0,0,0,0,0,1,0,0,0,1
0,0,0,0,0,0,1,1,0,0
0,0,0,1,0,0,0,0,1,0
0,0,0,0,0,0,1,1,0,0
0,0,1,0,1,0,0,0,0,0
1,1,0,0,0,0,0,0,0,0
0,0,1,0,1,0,0,0,0,0
0,0,1,0,1,0,0,0,0,0
0,0,1,0,1,0,0,0,0,0
0,0,0,0,0,0,1,1,0,0
0,0,0,0,0,0,1,1,0,0
1,1,0,0,0,0,0,0,0,0
0,0,0,1,0,0,0,0,1,0
0,0,0,0,0,0,1,1,0,0
1,1,0,0,0,0,0,0,0,0
1,1,0,0,0,0,0,0,0,0
0,0,1,0,1,0,0,0,0,0
0,0,0,0,0,1,0,0,0,1
1,1,0,0,0,0,0,0,0,0
0,0,0,0,0,1,0,0,0,1
0,0,0,0,0,0,1,1,0,0
0,0,0,0,0,1,0,0,0,1
0,0,0,0,0,0,1,1,0,0
0,0,1,0,1,0,0,0,0,0
1,1,0,0,0,0,0,0,0,0
0,0,1,0,1,0,0,0,0,0
0,0,1,0,1,0,0,0,0,0
0,0,0,0,0,0,1,1,0,0
1,1,0,0,0,0,0,0,0,0
0,0,0,0,0,1,0,0,0,1
0,0,0,0,0,1,0,0,0,1
0,0,0,0,0,1,0,0,0,1
0,0,0,0,0,0,1,1,0,0
0,0,0,0,0,0,1,1,0,0
0,0,0,1,0,0,0,0,1,0
1,1,0,0,0,0,0,0,0,0
0,0,0,1,0,0,0,0,1,0
0,0,1,0,1,0,0,0,0,0
0,0,1,0,1,0,0,0,0,0
1,1,0,0,0,0,0,0,0,0
0,0,0,0,0,0,1,1,0,0
0,0,0,0,0,1,0,0,0,1
0,0,0,1,0,0,0,0,1,0
0,0,0,0,0,0,1,1,0,0
1,1,0,0,0,0,0,0,0,0
0,0,0,1,0,0,0,0,1,0
0,0,0,0,0,1,0,0,0,1
0,0,0,1,0,0,0,0,1,0
1,1,0,0,0,0,0,0,0,0
0,0,0,1,0,0,0,0,1,0
1,1,0,0,0,0,0,0,0,0
0,0,1,0,1,0,0,0,0,0
0,0,0,0,0,1,0,0,0,1
0,0,0,0,0,1,0,0,0,1
0,0,0,0,0,0,1,1,0,0
1,1,0,0,0,0,0,0,0,0
0,0,1,0,1,0,0,0,0,0
0,0,0,0,0,0,1,1,0,0
1,1,0,0,0,0,0,0,0,0
1,1,0,0,0,0,0,0,0,0
1,1,0,0,0,0,0,0,0,0
0,0,1,0,1,0,0,0,0,0
0,0,0,1,0,0,0,0,1,0
0,0,0,0,0,0,1,1,0,0
0,0,0,1,0,0,0,0,1,0
0,0,0,0,0,0,1,1,0,0
1,1,0,0,0,0,0,0,0,0
0,0,0,0,0,0,1,1,0,0
0,0,0,1,0,0,0,0,1,0
0,0,0,0,0,0,1,1,0,0
0,0,0,0,0,1,0,0,0,1
0,0,1,0,1,0,0,0,0,0
1,1,0,0,0,0,0,0,0,0
0,0,0,1,0,0,0,0,1,0
1,1,0,0,0,0,0,0,0,0
0,0,0,0,0,0,1,1,0,0
0,0,1,0,1,0,0,0,0,0
0,0,1,0,1,0,0,0,0,0
1,1,0,0,0,0,0,0,0,0
0,0,0,1,0,0,0,0,1,0
0,0,0,0,0,1,0,0,0,1
0,0,0,0,0,1,0,0,0,1
1,1,0,0,0,0,0,0,0,0
0,0,0,1,0,0,0,0,1,0
0,0,0,0,0,0,1,1,0,0
1,1,0,0,0,0,0,0,0,0
0,0,0,0,0,1,0,0,0,1
1,1,0,0,0,0,0,0,0,0
0,0,1,0,1,0,0,0,0,0
0,0,1,0,1,0,0,0,0,0
1,1,0,0,0,0,0,0,0,0
0,0,0,0,0,0,1,1,0,0
0,0,0,0,0,1,0,0,0,1
0,0,0,1,0,0,0,0,1,0
0,0,0,1,0,0,0,0,1,0
0,0,0,0,0,1,0,0,0,1
1,1,0,0,0,0,0,0,0,0
1,1,0,0,0,0,0,0,0,0
0,0,0,0,0,1,0,0,0,1
0,0,0,0,0,1,0,0,0,1
1,1,0,0,0,0,0,0,0,0
0,0,0,0,0,1,0,0,0,1
0,0,0,1,0,0,0,0,1,0
0,0,1,0,1,0,0,0,0,0
0,0,1,0,1,0,0,0,0,0
1,1,0,0,0,0,0,0,0,0
0,0,0,1,0,0,0,0,1,0
0,0,1,0,1,0,0,0,0,0
0,0,0,1,0,0,0,0,1,0
1,1,0,0,0,0,0,0,0,0
0,0,1,0,1,0,0,0,0,0
0,0,0,0,0,0,1,1,0,0
1,1,0,0,0,0,0,0,0,0
0,0,0,0,0,0,1,1,0,0
0,0,0,1,0,0,0,0,1,0
0,0,0,0,0,0,1,1,0,0
0,0,1,0,1,0,0,0,0,0
0,0,0,0,0,0,1,1,0,0
1,1,0,0,0,0,0,0,0,0
0,0,0,0,0,1,0,0,0,1
0,0,0,1,0,0,0,0,1,0
0,0,0,0,0,0,1,1,0,0
1,1,0,0,0,0,0,0,0,0
0,0,0,0,0,0,1,1,0,0
0,0,0,0,0,0,1,1,0,0
0,0,0,1,0,0,0,0,1,0
0,0,0,0,0,1,0,0,0,1
0,0,0,0,0,1,0,0,0,1
0,0,0,0,0,1,0,0,0,1
0,0,0,1,0,0,0,0,1,0
0,0,1,0,1,0,0,0,0,0
0,0,0,0,0,1,0,0,0,1
1,1,0,0,0,0,0,0,0,0
0,0,1,0,1,0,0,0,0,0
0,0,0,0,0,1,0,0,0,1
0,0,0,1,0,0,0,0,1,0
0,0,0,0,0,0,1,1,0,0
0,0,1,0,1,0,0,0,0,0
0,0,0,0,0,0,1,1,0,0
0,0,1,0,1,0,0,0,0,0
1,1,0,0,0,0,0,0,0,0
0,0,0,1,0,0,0,0,1,0
0,0,0,0,0,0,1,1,0,0
0,0,0,1,0,0,0,0,1,0
0,0,0,0,0,0,1,1,0,0
1,1,0,0,0,0,0,0,0,0
0,0,0,0,0,0,1,1,0,0
1,1,0,0,0,0,0,0,0,0
0,0,0,0,0,1,0,0,0,1
1,1,0,0,0,0,0,0,0,0
0,0,0,1,0,0,0,0,1,0
0,0,1,0,1,0,0,0,0,0
0,0,0,0,0,1,0,0,0,1
0,0,0,1,0,0,0,0,1,0
0,0,1,0,1,0,0,0,0,0
0,0,0,0,0,1,0,0,0,1
0,0,0,0,0,1,0,0,0,1
0,0,0,0,0,0,1,1,0,0
1,1,0,0,0,0,0,0,0,0
0,0,0,0,0,0,1,1,0,0
1,1,0,0,0,0,0,0,0,0
0,0,0,1,0,0,0,0,1,0
0,0,1,0,1,0,0,0,0,0
1,1,0,0,0,0,0,0,0,0
0,0,1,0,1,0,0,0,0,0
0,0,0,1,0,0,0,0,1,0
0,0,0,1,0,0,0,0,1,0
1,1,0,0,0,0,0,0,0,0
0,0,0,0,0,0,1,1,0,0
0,0,0,0,0,1,0,0,0,1
0,0,0,0,0,0,1,1,0,0
0,0,0,0,0,1,0,0,0,1
1,1,0,0,0,0,0,0,0,0
1,1,0,0,0,0,0,0,0,0
1,1,0,0,0,0,0,0,0,0
0,0,0,0,0,0,1,1,0,0
0,0,1,0,1,0,0,0,0,0
0,0,0,0,0,1,0,0,0,1
0,0,0,0,0,1,0,0,0,1
0,0,0,0,0,0,1,1,0,0
0,0,1,0,1,0,0,0,0,0
0,0,1,0,1,0,0,0,0,0
1,1,0,0,0,0,0,0,0,0
0,0,1,0,1,0,0,0,0,0
0,0,0,0,0,0,1,1,0,0
0,0,0,0,0,0,1,1,0,0
0,0,0,1,0,0,0,0,1,0
0,0,1,0,1,0,0,0,0,0
0,0,0,0,0,0,1,1,0,0
0,0,0,0,0,1,0,0,0,1
0,0,0,0,0,0,1,1,0,0
0,0,0,0,0,0,1,1,0,0
0,0,0,1,0,0,0,0,1,0
0,0,1,0,1,0,0,0,0,0
0,0,1,0,1,0,0,0,0,0
0,0,0,1,0,0,0,0,1,0
1,1,0,0,0,0,0,0,0,0
0,0,0,1,0,0,0,0,1,0
1,1,0,0,0,0,0,0,0,0
0,0,0,0,0,1,0,0,0,1
0,0,0,0,0,1,0,0,0,1
1,1,0,0,0,0,0,0,0,0
1,1,0,0,0,0,0,0,0,0
0,0,1,0,1,0,0,0,0,0
0,0,0,0,0,0,1,1,0,0
0,0,0,1,0,0,0,0,1,0
0,0,0,0,0,1,0,0,0,1
0,0,0,1,0,0,0,0,1,0
0,0,0,1,0,0,0,0,1,0
0,0,0,1,0,0,0,0,1,0
1,1,0,0,0,0,0,0,0,0
0,0,0,0,0,0,1,1,0,0
0,0,1,0,1,0,0,0,0,0
0,0,0,0,0,0,1,1,0,0
0,0,0,0,0,1,0,0,0,1
0,0,0,0,0,0,1,1,0,0
0,0,0,0,0,1,0,0,0,1
1,1,0,0,0,0,0,0,0,0
0,0,0,1,0,0,0,0,1,0
0,0,0,0,0,1,0,0,0,1
1,1,0,0,0,0,0,0,0,0
0,0,0,1,0,0,0,0,1,0
0,0,0,1,0,0,0,0,1,0
0,0,0,1,0,0,0,0,1,0
1,1,0,0,0,0,0,0,0,0
0,0,1,0,1,0,0,0,0,0
1,1,0,0,0,0,0,0,0,0
0,0,0,0,0,1,0,0,0,1
0,0,0,0,0,0,1,1,0,0
0,0,1,0,1,0,0,0,0,0
0,0,0,0,0,1,0,0,0,1
1,1,0,0,0,0,0,0,0,0
1,1,0,0,0,0,0,0,0,0
0,0,1,0,1,0,0,0,0,0
0,0,0,1,0,0,0,0,1,0
0,0,0,0,0,0,1,1,0,0
0,0,1,0,1,0,0,0,0,0
0,0,1,0,1,0,0,0,0,0
0,0,0,0,0,1,0,0,0,1
1,1,0,0,0,0,0,0,0,0
0,0,1,0,1,0,0,0,0,0
0,0,1,0,1,0,0,0,0,0
0,0,0,1,0,0,0,0,1,0
0,0,1,0,1,0,0,0,0,0
1,1,0,0,0,0,0,0,0,0
1,1,0,0,0,0,0,0,0,0
0,0,1,0,1,0,0,0,0,0
0,0,1,0,1,0,0,0,0,0
0,0,1,0,1,0,0,0,0,0
0,0,1,0,1,0,0,0,0,0
1,1,0,0,0,0,0,0,0,0
0,0,1,0,1,0,0,0,0,0
0,0,0,0,0,0,1,1,0,0
0,0,0,0,0,1,0,0,0,1
1,1,0,0,0,0,0,0,0,0
0,0,0,0,0,0,1,1,0,0
0,0,0,0,0,1,0,0,0,1
0,0,0,0,0,1,0,0,0,1
1,1,0,0,0,0,0,0,0,0
0,0,1,0,1,0,0,0,0,0
1,1,0,0,0,0,0,0,0,0
0,0,0,1,0,0,0,0,1,0
1,1,0,0,0,0,0,0,0,0
0,0,0,0,0,0,1,1,0,0
0,0,0,1,0,0,0,0,1,0
0,0,0,0,0,0,1,1,0,0
0,0,0,0,0,1,0,0,0,1
0,0,0,1,0,0,0,0,1,0
0,0,0,1,0,0,0,0,1,0
0,0,0,0,0,1,0,0,0,1
0,0,0,0,0,1,0,0,0,1
0,0,0,1,0,0,0,0,1,0
0,0,0,1,0,0,0,0,1,0
0,0,0,0,0,1,0,0,0,1
0,0,0,0,0,1,0,0,0,1
0,0,0,0,0,0,1,1,0,0
0,0,0,0,0,1,0,0,0,1
1,1,0,0,0,0,0,0,0,0
1,1,0,0,0,0,0,0,0,0
0,0,0,1,0,0,0,0,1,0
0,0,0,1,0,0,0,0,1,0
0,0,1,0,1,0,0,0,0,0
0,0,1,0,1,0,0,0,0,0
0,0,1,0,1,0,0,0,0,0
0,0,0,1,0,0,0,0,1,0
0,0,0,0,0,0,1,1,0,0
0,0,0,0,0,0,1,1,0,0
0,0,0,1,0,0,0,0,1,0
0,0,0,0,0,0,1,1,0,0
0,0,0,0,0,0,1,1,0,0
0,0,0,0,0,1,0,0,0,1
1,1,0,0,0,0,0,0,0,0
0,0,0,0,0,1,0,0,0,1
0,0,1,0,1,0,0,0,0,0
0,0,0,1,0,0,0,0,1,0
0,0,0,0,0,1,0,0,0,1
1,1,0,0,0,0,0,0,0,0
1,1,0,0,0,0,0,0,0,0
0,0,0,0,0,1,0,0,0,1
0,0,0,0,0,1,0,0,0,1
0,0,0,0,0,0,1,1,0,0
0,0,0,1,0,0,0,0,1,0
0,0,0,1,0,0,0,0,1,0
0,0,0,1,0,0,0,0,1,0
1,1,0,0,0,0,0,0,0,0
1,1,0,0,0,0,0,0,0,0
1,1,0,0,0,0,0,0,0,0
0,0,0,0,0,0,1,1,0,0
0,0,0,0,0,0,1,1,0,0
0,0,0,0,0,0,1,1,0,0
0,0,0,1,0,0,0,0,1,0
0,0,0,0,0,0,1,1,0,0
0,0,0,0,0,0,1,1,0,0
1,1,0,0,0,0,0,0,0,0
0,0,1,0,1,0,0,0,0,0
0,0,0,0,0,1,0,0,0,1
0,0,0,0,0,1,0,0,0,1
0,0,0,0,0,0,1,1,0,0
0,0,0,0,0,0,1,1,0,0
0,0,0,0,0,0,1,1,0,0
1,1,0,0,0,0,0,0,0,0
1,1,0,0,0,0,0,0,0,0
0,0,0,0,0,1,0,0,0,1
1,1,0,0,0,0,0,0,0,0
0,0,1,0,1,0,0,0,0,0
1,1,0,0,0,0,0,0,0,0
0,0,0,0,0,0,1,1,0,0
0,0,0,0,0,0,1,1,0,0
1,1,0,0,0,0,0,0,0,0
0,0,0,0,0,0,1,1,0,0
1,1,0,0,0,0,0,0,0,0
0,0,0,0,0,1,0,0,0,1
0,0,0,0,0,1,0,0,0,1
0,0,1,0,1,0,0,0,0,0
0,0,0,0,0,0,1,1,0,0
0,0,0,0,0,0,1,1,0,0
0,0,0,0,0,1,0,0,0,1
0,0,0,0,0,0,1,1,0,0
1,1,0,0,0,0,0,0,0,0
0,0,0,0,0,1,0,0,0,1
0,0,0,0,0,1,0,0,0,1
0,0,1,0,1,0,0,0,0,0
0,0,1,0,1,0,0,0,0,0
0,0,1,0,1,0,0,0,0,0
1,1,0,0,0,0,0,0,0,0
0,0,0,0,0,1,0,0,0,1
0,0,1,0,1,0,0,0,0,0
0,0,0,1,0,0,0,0,1,0
0,0,1,0,1,0,0,0,0,0
1,1,0,0,0,0,0,0,0,0
0,0,1,0,1,0,0,0,0,0
0,0,0,1,0,0,0,0,1,0
0,0,0,0,0,1,0,0,0,1
0,0,0,0,0,1,0,0,0,1
0,0,0,1,0,0,0,0,1,0
0,0,1,0,1,0,0,0,0,0
0,0,0,0,0,0,1,1,0,0
0,0,1,0,1,0,0,0,0,0
0,0,0,0,0,0,1,1,0,0
1,1,0,0,0,0,0,0,0,0
0,0,1,0,1,0,0,0,0,0
0,0,0,0,0,1,0,0,0,1
0,0,0,1,0,0,0,0,1,0
0,0,1,0,1,0,0,0,0,0
0,0,0,0,0,0,1,1,0,0
0,0,0,0,0,1,0,0,0,1
0,0,0,1,0,0,0,0,1,0
0,0,1,0,1,0,0,0,0,0
0,0,0,0,0,1,0,0,0,1
0,0,0,1,0,0,0,0,1,0
0,0,1,0,1,0,0,0,0,0
0,0,0,0,0,0,1,1,0,0
0,0,0,0,0,0,1,1,0,0
1,1,0,0,0,0,0,0,0,0
0,0,0,0,0,0,1,1,0,0
0,0,0,1,0,0,0,0,1,0
1,1,0,0,0,0,0,0,0,0
1,1,0,0,0,0,0,0,0,0
0,0,0,1,0,0,0,0,1,0
0,0,0,0,0,0,1,1,0,0
0,0,0,0,0,1,0,0,0,1
0,0,1,0,1,0,0,0,0,0
0,0,1,0,1,0,0,0,0,0
0,0,0,1,0,0,0,0,1,0
1,1,0,0,0,0,0,0,0,0
0,0,1,0,1,0,0,0,0,0
0,0,0,1,0,0,0,0,1,0
0,0,0,0,0,0,1,1,0,0
0,0,0,0,0,1,0,0,0,1
0,0,0,1,0,0,0,0,1,0
0,0,0,1,0,0,0,0,1,0
0,0,0,1,0,0,0,0,1,0
0,0,0,0,0,1,0,0,0,1
0,0,0,0,0,1,0,0,0,1
0,0,1,0,1,0,0,0,0,0
0,0,0,0,0,0,1,1,0,0
0,0,0,0,0,1,0,0,0,1
1,1,0,0,0,0,0,0,0,0
0,0,0,0,0,0,1,1,0,0
0,0,0,0,0,1,0,0,0,1
1,1,0,0,0,0,0,0,0,0
0,0,0,0,0,0,1,1,0,0
0,0,0,1,0,0,0,0,1,0
0,0,0,0,0,1,0,0,0,1
0,0,1,0,1,0,0,0,0,0
0,0,0,0,0,0,1,1,0,0
0,0,0,0,0,0,1,1,0,0
0,0,1,0,1,0,0,0,0,0
0,0,0,1,0,0,0,0,1,0
0,0,1,0,1,0,0,0,0,0
0,0,0,0,0,0,1,1,0,0
0,0,0,0,0,0,1,1,0,0
0,0,0,1,0,0,0,0,1,0
0,0,1,0,1,0,0,0,0,0
0,0,0,0,0,0,1,1,0,0
0,0,1,0,1,0,0,0,0,0
0,0,0,0,0,0,1,1,0,0
1,1,0,0,0,0,0,0,0,0
0,0,1,0,1,0,0,0,0,0
0,0,0,0,0,1,0,0,0,1
0,0,0,1,0,0,0,0,1,0
1,1,0,0,0,0,0,0,0,0
0,0,0,0,0,1,0,0,0,1
0,0,1,0,1,0,0,0,0,0
0,0,1,0,1,0,0,0,0,0
0,0,0,0,0,1,0,0,0,1
0,0,0,1,0,0,0,0,1,0
0,0,0,1,0,0,0,0,1,0
1,1,0,0,0,0,0,0,0,0
0,0,1,0,1,0,0,0,0,0
0,0,0,0,0,1,0,0,0,1
1,1,0,0,0,0,0,0,0,0
0,0,0,1,0,0,0,0,1,0
0,0,0,1,0,0,0,0,1,0
1,1,0,0,0,0,0,0,0,0
0,0,1,0,1,0,0,0,0,0
0,0,0,0,0,1,0,0,0,1
0,0,0,0,0,0,1,1,0,0
0,0,0,0,0,1,0,0,0,1
0,0,0,0,0,0,1,1,0,0
0,0,0,0,0,1,0,0,0,1
0,0,0,0,0,0,1,1,0,0
0,0,0,0,0,0,1,1,0,0
0,0,0,0,0,1,0,0,0,1
0,0,0,0,0,1,0,0,0,1
0,0,0,0,0,0,1,1,0,0
0,0,0,0,0,1,0,0,0,1
0,0,0,0,0,0,1,1,0,0
0,0,0,0,0,1,0,0,0,1
0,0,0,0,0,1,0,0,0,1
0,0,0,1,0,0,0,0,1,0
0,0,0,0,0,1,0,0,0,1
0,0,0,0,0,1,0,0,0,1
0,0,1,0,1,0,0,0,0,0
0,0,0,0,0,1,0,0,0,1
1,1,0,0,0,0,0,0,0,0
0,0,0,0,0,0,1,1,0,0
0,0,1,0,1,0,0,0,0,0
0,0,0,1,0,0,0,0,1,0
0,0,1,0,1,0,0,0,0,0
0,0,0,1,0,0,0,0,1,0
0,0,0,1,0,0,0,0,1,0
0,0,0,1,0,0,0,0,1,0
0,0,0,0,0,0,1,1,0,0
0,0,0,0,0,0,1,1,0,0
0,0,1,0,1,0,0,0,0,0
0,0,0,1,0,0,0,0,1,0
0,0,0,1,0,0,0,0,1,0
1,1,0,0,0,0,0,0,0,0
0,0,0,0,0,0,1,1,0,0
0,0,0,1,0,0,0,0,1,0
1,1,0,0,0,0,0,0,0,0
1,1,0,0,0,0,0,0,0,0
1,1,0,0,0,0,0,0,0,0
0,0,0,0,0,1,0,0,0,1
0,0,0,0,0,1,0,0,0,1
0,0,1,0,1,0,0,0,0,0
0,0,1,0,1,0,0,0,0,0
0,0,0,0,0,0,1,1,0,0
0,0,0,0,0,1,0,0,0,1
0,0,1,0,1,0,0,0,0,0
1,1,0,0,0,0,0,0,0,0
0,0,0,0,0,1,0,0,0,1
0,0,1,0,1,0,0,0,0,0
0,0,0,0,0,0,1,1,0,0
0,0,0,0,0,1,0,0,0,1
0,0,0,0,0,1,0,0,0,1
0,0,1,0,1,0,0,0,0,0
1,1,0,0,0,0,0,0,0,0
0,0,1,0,1,0,0,0,0,0
0,0,0,1,0,0,0,0,1,0
0,0,0,1,0,0,0,0,1,0
0,0,0,1,0,0,0,0,1,0
0,0,0,0,0,1,0,0,0,1
0,0,0,0,0,1,0,0,0,1
0,0,0,0,0,1,0,0,0,1
0,0,0,0,0,0,1,1,0,0
0,0,0,1,0,0,0,0,1,0
0,0,0,1,0,0,0,0,1,0
0,0,1,0,1,0,0,0,0,0
0,0,0,0,0,0,1,1,0,0
0,0,0,1,0,0,0,0,1,0
1,1,0,0,0,0,0,0,0,0
0,0,0,1,0,0,0,0,1,0
0,0,1,0,1,0,0,0,0,0
0,0,0,1,0,0,0,0,1,0
1,1,0,0,0,0,0,0,0,0
0,0,0,1,0,0,0,0,1,0
1,1,0,0,0,0,0,0,0,0
1,1,0,0,0,0,0,0,0,0
0,0,0,1,0,0,0,0,1,0
0,0,1,0,1,0,0,0,0,0
0,0,0,1,0,0,0,0,1,0
0,0,0,0,0,0,1,1,0,0
0,0,0,0,0,0,1,1,0,0
0,0,1,0,1,0,0,0,0,0
0,0,0,0,0,1,0,0,0,1
0,0,0,1,0,0,0,0,1,0
0,0,0,0,0,0,1,1,0,0
0,0,0,1,0,0,0,0,1,0
0,0,0,1,0,0,0,0,1,0
0,0,1,0,1,0,0,0,0,0
0,0,1,0,1,0,0,0,0,0
1,1,0,0,0,0,0,0,0,0
0,0,0,0,0,0,1,1,0,0
1,1,0,0,0,0,0,0,0,0
0,0,1,0,1,0,0,0,0,0
1,1,0,0,0,0,0,0,0,0
1,1,0,0,0,0,0,0,0,0
1,1,0,0,0,0,0,0,0,0
0,0,1,0,1,0,0,0,0,0
1,1,0,0,0,0,0,0,0,0
0,0,1,0,1,0,0,0,0,0
0,0,1,0,1,0,0,0,0,0
0,0,1,0,1,0,0,0,0,0
0,0,0,0,0,0,1,1,0,0
1,1,0,0,0,0,0,0,0,0
1,1,0,0,0,0,0,0,0,0
0,0,0,0,0,1,0,0,0,1
0,0,0,1,0,0,0,0,1,0
0,0,0,0,0,0,1,1,0,0
0,0,0,0,0,0,1,1,0,0
0,0,0,0,0,1,0,0,0,1
1,1,0,0,0,0,0,0,0,0
1,1,0,0,0,0,0,0,0,0
0,0,1,0,1,0,0,0,0,0
1,1,0,0,0,0,0,0,0,0
0,0,0,0,0,0,1,1,0,0
0,0,0,0,0,1,0,0,0,1
0,0,0,0,0,0,1,1,0,0
1,1,0,0,0,0,0,0,0,0
0,0,1,0,1,0,0,0,0,0
0,0,0,1,0,0,0,0,1,0
1,1,0,0,0,0,0,0,0,0
1,1,0,0,0,0,0,0,0,0
0,0,0,0,0,1,0,0,0,1
0,0,0,0,0,1,0,0,0,1
0,0,1,0,1,0,0,0,0,0
0,0,0,0,0,1,0,0,0,1
0,0,0,0,0,1,0,0,0,1
1,1,0,0,0,0,0,0,0,0
0,0,0,0,0,1,0,0,0,1
0,0,0,0,0,1,0,0,0,1
0,0,0,0,0,0,1,1,0,0
0,0,1,0,1,0,0,0,0,0
0,0,0,0,0,1,0,0,0,1
0,0,0,1,0,0,0,0,1,0
0,0,1,0,1,0,0,0,0,0
0,0,0,0,0,1,0,0,0,1
0,0,1,0,1,0,0,0,0,0
1,1,0,0,0,0,0,0,0,0
0,0,0,0,0,1,0,0,0,1
0,0,0,1,0,0,0,0,1,0
0,0,1,0,1,0,0,0,0,0
1,1,0,0,0,0,0,0,0,0
0,0,0,1,0,0,0,0,1,0
1,1,0,0,0,0,0,0,0,0
0,0,0,1,0,0,0,0,1,0
0,0,0,0,0,0,1,1,0,0
1,1,0,0,0,0,0,0,0,0
0,0,0,0,0,0,1,1,0,0
0,0,1,0,1,0,0,0,0,0
0,0,1,0,1,0,0,0,0,0
0,0,0,0,0,1,0,0,0,1
1,1,0,0,0,0,0,0,0,0
0,0,1,0,1,0,0,0,0,0
0,0,0,0,0,1,0,0,0,1
0,0,0,0,0,0,1,1,0,0
1,1,0,0,0,0,0,0,0,0
0,0,0,0,0,1,0,0,0,1
0,0,0,1,0,0,0,0,1,0
0,0,0,1,0,0,0,0,1,0
0,0,1,0,1,0,0,0,0,0
0,0,0,0,0,1,0,0,0,1
1,1,0,0,0,0,0,0,0,0
1,1,0,0,0,0,0,0,0,0
0,0,0,0,0,0,1,1,0,0
0,0,0,1,0,0,0,0,1,0
0,0,0,0,0,0,1,1,0,0
0,0,0,0,0,0,1,1,0,0
0,0,0,1,0,0,0,0,1,0
0,0,1,0,1,0,0,0,0,0
1,1,0,0,0,0,0,0,0,0
0,0,0,0,0,0,1,1,0,0
0,0,0,0,0,1,0,0,0,1
0,0,1,0,1,0,0,0,0,0
1,1,0,0,0,0,0,0,0,0
1,1,0,0,0,0,0,0,0,0
1,1,0,0,0,0,0,0,0,0
0,0,0,0,0,0,1,1,0,0
0,0,1,0,1,0,0,0,0,0
1,1,0,0,0,0,0,0,0,0
0,0,0,0,0,1,0,0,0,1
1,1,0,0,0,0,0,0,0,0
0,0,0,1,0,0,0,0,1,0
0,0,0,1,0,0,0,0,1,0
1,1,0,0,0,0,0,0,0,0
0,0,1,0,1,0,0,0,0,0
1,1,0,0,0,0,0,0,0,0
0,0,0,0,0,1,0,0,0,1
0,0,0,1,0,0,0,0,1,0
0,0,0,1,0,0,0,0,1,0
0,0,0,0,0,1,0,0,0,1
0,0,1,0,1,0,0,0,0,0
0,0,0,0,0,1,0,0,0,1
0,0,0,1,0,0,0,0,1,0
1,1,0,0,0,0,0,0,0,0
0,0,0,1,0,0,0,0,1,0
0,0,0,0,0,1,0,0,0,1
0,0,0,1,0,0,0,0,1,0
0,0,0,0,0,1,0,0,0,1
0,0,1,0,1,0,0,0,0,0
0,0,1,0,1,0,0,0,0,0
0,0,0,0,0,0,1,1,0,0
0,0,0,0,0,1,0,0,0,1
0,0,0,0,0,1,0,0,0,1
0,0,0,1,0,0,0,0,1,0
1,1,0,0,0,0,0,0,0,0
0,0,0,0,0,0,1,1,0,0
0,0,1,0,1,0,0,0,0,0
0,0,0,0,0,1,0,0,0,1
0,0,0,0,0,1,0,0,0,1
0,0,0,1,0,0,0,0,1,0
1,1,0,0,0,0,0,0,0,0
1,1,0,0,0,0,0,0,0,0
0,0,0,1,0,0,0,0,1,0
1,1,0,0,0,0,0,0,0,0
1,1,0,0,0,0,0,0,0,0
0,0,0,0,0,1,0,0,0,1
0,0,0,0,0,1,0,0,0,1
0,0,0,0,0,0,1,1,0,0
0,0,1,0,1,0,0,0,0,0
0,0,1,0,1,0,0,0,0,0
0,0,0,0,0,1,0,0,0,1
0,0,1,0,1,0,0,0,0,0
0,0,0,1,0,0,0,0,1,0
1,1,0,0,0,0,0,0,0,0
0,0,1,0,1,0,0,0,0,0
0,0,0,1,0,0,0,0,1,0
0,0,0,1,0,0,0,0,1,0
0,0,1,0,1,0,0,0,0,0
0,0,0,0,0,1,0,0,0,1
0,0,0,0,0,1,0,0,0,1
0,0,0,0,0,0,1,1,0,0
0,0,1,0,1,0,0,0,0,0
0,0,0,0,0,0,1,1,0,0
0,0,0,0,0,1,0,0,0,1
0,0,0,0,0,1,0,0,0,1
0,0,0,0,0,1,0,0,0,1
1,1,0,0,0,0,0,0,0,0
0,0,1,0,1,0,0,0,0,0
0,0,1,0,1,0,0,0,0,0
0,0,0,1,0,0,0,0,1,0
1,1,0,0,0,0,0,0,0,0
1,1,0,0,0,0,0,0,0,0
0,0,0,0,0,0,1,1,0,0
0,0,0,0,0,1,0,0,0,1
1,1,0,0,0,0,0,0,0,0
0,0,0,1,0,0,0,0,1,0
0,0,0,1,0,0,0,0,1,0
1,1,0,0,0,0,0,0,0,0
1,1,0,0,0,0,0,0,0,0
1,1,0,0,0,0,0,0,0,0
0,0,0,0,0,0,1,1,0,0
0,0,0,0,0,0,1,1,0,0
1,1,0,0,0,0,0,0,0,0
0,0,0,0,0,1,0,0,0,1
1,1,0,0,0,0,0,0,0,0
0,0,1,0,1,0,0,0,0,0
0,0,0,0,0,1,0,0,0,1
0,0,0,1,0,0,0,0,1,0
0,0,0,0,0,1,0,0,0,1
1,1,0,0,0,0,0,0,0,0
0,0,0,0,0,1,0,0,0,1
0,0,0,0,0,0,1,1,0,0
0,0,1,0,1,0,0,0,0,0
0,0,0,0,0,1,0,0,0,1
0,0,1,0,1,0,0,0,0,0
1,1,0,0,0,0,0,0,0,0
0,0,0,0,0,0,1,1,0,0
0,0,0,0,0,1,0,0,0,1
0,0,0,0,0,0,1,1,0,0
1,1,0,0,0,0,0,0,0,0
0,0,0,0,0,1,0,0,0,1
0,0,0,0,0,0,1,1,0,0
0,0,0,0,0,1,0,0,0,1
0,0,0,0,0,1,0,0,0,1
0,0,0,0,0,0,1,1,0,0
0,0,0,0,0,0,1,1,0,0
0,0,1,0,1,0,0,0,0,0
0,0,0,0,0,1,0,0,0,1
0,0,0,1,0,0,0,0,1,0
0,0,1,0,1,0,0,0,0,0
1,1,0,0,0,0,0,0,0,0
0,0,0,0,0,0,1,1,0,0
0,0,0,0,0,1,0,0,0,1
0,0,0,0,0,1,0,0,0,1
1,1,0,0,0,0,0,0,0,0
1,1,0,0,0,0,0,0,0,0
0,0,1,0,1,0,0,0,0,0
0,0,0,1,0,0,0,0,1,0
0,0,0,1,0,0,0,0,1,0
1,1,0,0,0,0,0,0,0,0
0,0,0,1,0,0,0,0,1,0
0,0,0,0,0,0,1,1,0,0
1,1,0,0,0,0,0,0,0,0
0,0,1,0,1,0,0,0,0,0
0,0,0,1,0,0,0,0,1,0
0,0,0,0,0,1,0,0,0,1
0,0,0,1,0,0,0,0,1,0
0,0,1,0,1,0,0,0,0,0
0,0,1,0,1,0,0,0,0,0
0,0,0,1,0,0,0,0,1,0
0,0,0,1,0,0,0,0,1,0
0,0,1,0,1,0,0,0,0,0
0,0,0,0,0,1,0,0,0,1
0,0,1,0,1,0,0,0,0,0
0,0,0,0,0,0,1,1,0,0
0,0,0,0,0,0,1,1,0,0
0,0,0,1,0,0,0,0,1,0
0,0,1,0,1,0,0,0,0,0
0,0,1,0,1,0,0,0,0,0
1,1,0,0,0,0,0,0,0,0
1,1,0,0,0,0,0,0,0,0
0,0,0,0,0,1,0,0,0,1
0,0,0,0,0,0,1,1,0,0
0,0,0,1,0,0,0,0,1,0
0,0,1,0,1,0,0,0,0,0
0,0,0,0,0,0,1,1,0,0
0,0,0,0,0,1,0,0,0,1
0,0,0,0,0,1,0,0,0,1
0,0,0,1,0,0,0,0,1,0
1,1,0,0,0,0,0,0,0,0
1,1,0,0,0,0,0,0,0,0
0,0,0,1,0,0,0,0,1,0
0,0,0,0,0,0,1,1,0,0
0,0,1,0,1,0,0,0,0,0
1,1,0,0,0,0,0,0,0,0
1,1,0,0,0,0,0,0,0,0
0,0,0,1,0,0,0,0,1,0
0,0,1,0,1,0,0,0,0,0
0,0,1,0,1,0,0,0,0,0
1,1,0,0,0,0,0,0,0,0
0,0,0,0,0,1,0,0,0,1
0,0,0,0,0,1,0,0,0,1
0,0,0,0,0,0,1,1,0,0
1,1,0,0,0,0,0,0,0,0
0,0,0,0,0,0,1,1,0,0
0,0,0,0,0,0,1,1,0,0
0,0,0,1,0,0,0,0,1,0
0,0,0,1,0,0,0,0,1,0
0,0,1,0,1,0,0,0,0,0
0,0,0,1,0,0,0,0,1,0
1,1,0,0,0,0,0,0,0,0
1,1,0,0,0,0,0,0,0,0
0,0,0,0,0,0,1,1,0,0
0,0,0,0,0,1,0,0,0,1
1,1,0,0,0,0,0,0,0,0
0,0,1,0,1,0,0,0,0,0
0,0,0,0,0,0,1,1,0,0
0,0,0,1,0,0,0,0,1,0
0,0,1,0,1,0,0,0,0,0
1,1,0,0,0,0,0,0,0,0
0,0,0,1,0,0,0,0,1,0
1,1,0,0,0,0,0,0,0,0
0,0,0,1,0,0,0,0,1,0
0,0,0,0,0,1,0,0,0,1
0,0,0,0,0,1,0,0,0,1
0,0,1,0,1,0,0,0,0,0
0,0,0,0,0,0,1,1,0,0
0,0,1,0,1,0,0,0,0,0
0,0,0,0,0,0,1,1,0,0
1,1,0,0,0,0,0,0,0,0
1,1,0,0,0,0,0,0,0,0
0,0,0,1,0,0,0,0,1,0
0,0,0,0,0,1,0,0,0,1
0,0,0,0,0,1,0,0,0,1
0,0,0,0,0,0,1,1,0,0
0,0,1,0,1,0,0,0,0,0
0,0,0,0,0,1,0,0,0,1
1,1,0,0,0,0,0,0,0,0
0,0,0,0,0,0,1,1,0,0
0,0,0,0,0,1,0,0,0,1
0,0,0,0,0,1,0,0,0,1
1,1,0,0,0,0,0,0,0,0
0,0,1,0,1,0,0,0,0,0
0,0,0,1,0,0,0,0,1,0
1,1,0,0,0,0,0,0,0,0
0,0,0,0,0,0,1,1,0,0
0,0,0,0,0,1,0,0,0,1
0,0,0,1,0,0,0,0,1,0
0,0,1,0,1,0,0,0,0,0
1,1,0,0,0,0,0,0,0,0
0,0,1,0,1,0,0,0,0,0
0,0,0,0,0,1,0,0,0,1
0,0,0,1,0,0,0,0,1,0
0,0,0,1,0,0,0,0,1,0
0,0,0,0,0,0,1,1,0,0
0,0,1,0,1,0,0,0,0,0
0,0,0,0,0,0,1,1,0,0
1,1,0,0,0,0,0,0,0,0
0,0,0,0,0,0,1,1,0,0
0,0,0,1,0,0,0,0,1,0
0,0,0,0,0,1,0,0,0,1
0,0,0,0,0,1,0,0,0,1
0,0,0,1,0,0,0,0,1,0
1,1,0,0,0,0,0,0,0,0
1,1,0,0,0,0,0,0,0,0
0,0,0,0,0,1,0,0,0,1
1,1,0,0,0,0,0,0,0,0
0,0,0,1,0,0,0,0,1,0
1,1,0,0,0,0,0,0,0,0
0,0,0,1,0,0,0,0,1,0
0,0,0,0,0,0,1,1,0,0
0,0,1,0,1,0,0,0,0,0
0,0,0,0,0,0,1,1,0,0
0,0,1,0,1,0,0,0,0,0
0,0,0,0,0,0,1,1,0,0
0,0,0,0,0,1,0,0,0,1
0,0,0,0,0,1,0,0,0,1
0,0,0,0,0,1,0,0,0,1
